"V1","V2","V3","V4","V5","V6","V7","V8","V9","V10","V11","V12","V13","V14","V15","V16","V17","V18","V19","V20","V21","V22","V23","V24","V25"
1,8,5,5,6,8,6,3,5,10,3,1,4,8,4,9,5,6,6,6,5,9,2,7,2
2,5,10,6,6,6,5,6,8,5,7,10,3,1,1,4,9,9,2,10,1,2,3,5,2
3,3,1,5,4,4,9,2,1,9,7,2,2,9,5,7,4,2,2,6,10,5,8,2,3
4,1,1,1,8,7,10,2,6,5,5,4,5,1,9,10,10,5,8,8,9,5,5,10,5
5,6,2,8,2,2,2,5,3,6,3,6,2,4,2,1,8,10,8,2,1,9,1,10,1
6,6,2,2,10,6,6,10,8,10,2,10,9,10,3,6,5,10,2,9,7,7,7,8,2
7,10,10,6,6,1,10,2,1,4,10,10,10,3,5,4,3,7,10,6,5,6,10,4,7
8,1,8,7,10,7,7,3,3,6,2,5,9,4,2,3,8,10,7,7,2,10,10,8,5
9,8,9,4,9,10,7,4,9,8,3,3,2,2,3,2,6,3,10,2,4,7,4,7,2
10,5,7,3,5,6,3,8,2,6,4,2,5,1,4,8,5,5,2,1,9,10,1,10,4
11,4,7,1,4,7,2,6,6,6,10,8,6,7,6,7,4,6,8,5,4,10,2,3,3
12,3,10,9,8,5,2,8,2,6,9,6,7,8,4,2,9,9,10,6,2,1,1,1,9
13,1,8,4,10,7,1,8,8,7,4,1,3,2,6,10,7,8,5,4,9,1,8,1,1
14,5,5,5,2,3,2,8,10,4,1,3,3,6,3,2,8,10,8,8,9,6,8,4,1
15,5,4,4,4,10,8,1,4,4,6,2,1,7,7,8,4,1,6,4,5,5,8,3,10
16,8,4,2,9,5,5,2,2,10,7,1,2,4,8,9,2,4,6,6,3,3,6,9,1
17,2,4,1,4,7,10,9,6,4,5,2,10,2,9,3,8,6,5,3,9,4,5,6,1
18,7,2,1,5,5,3,7,7,10,6,10,2,7,2,9,9,8,3,2,10,3,5,4,2
19,1,5,5,6,10,1,2,9,10,3,8,4,10,2,8,8,8,8,7,8,5,4,10,1
20,3,8,6,3,8,6,2,7,1,9,10,5,1,7,6,1,8,3,8,1,2,2,1,9
21,5,8,4,6,4,8,10,2,3,4,10,1,2,5,8,9,6,6,6,5,6,7,8,3
22,2,9,9,1,1,1,3,1,6,3,10,3,8,8,4,10,6,5,9,1,10,10,5,6
23,6,6,8,10,6,2,10,7,7,2,9,8,10,1,2,4,1,8,6,4,5,10,9,5
24,8,9,1,6,1,3,2,2,9,7,1,1,1,7,3,2,9,6,2,1,6,5,5,8
25,6,3,10,8,9,9,9,8,5,3,1,7,2,1,10,9,10,9,6,5,6,7,4,7
26,6,5,10,1,7,7,9,9,9,7,7,3,1,7,7,4,9,7,2,8,8,4,2,5
27,2,10,5,9,3,7,3,9,5,9,4,9,4,9,2,2,1,10,10,8,1,6,4,7
28,3,1,7,5,10,5,6,7,9,3,1,9,1,9,4,10,9,4,9,8,4,4,6,4
29,7,2,7,7,9,6,10,4,2,5,1,3,8,5,9,4,10,2,7,9,7,5,9,7
30,7,10,3,6,2,7,7,7,3,2,2,4,3,6,5,3,8,8,7,10,3,1,7,6
31,8,1,1,1,5,9,9,6,9,9,4,10,1,7,5,8,8,7,8,4,10,6,9,5
32,8,4,1,10,3,7,8,2,5,10,5,5,9,9,9,8,3,7,10,7,4,7,5,7
33,4,1,1,5,3,10,2,6,8,3,1,4,7,1,1,9,8,9,10,6,6,1,7,7
34,7,2,4,4,6,2,2,9,7,2,9,7,8,9,7,5,9,8,3,3,7,2,3,4
35,6,6,8,10,1,9,10,9,2,9,5,4,4,9,6,4,3,2,10,8,1,5,7,5
36,8,8,3,6,1,1,4,9,8,10,3,8,10,10,9,6,9,3,1,1,8,8,8,1
37,6,4,4,6,5,6,9,4,4,8,9,5,3,9,5,6,2,7,1,5,5,7,8,7
38,2,3,4,3,5,2,5,5,7,9,9,7,9,10,1,10,7,4,1,5,6,9,5,7
39,5,5,3,4,1,10,5,5,3,3,6,5,3,10,3,8,7,1,1,5,3,3,9,6
40,8,3,1,3,5,8,5,2,4,3,8,10,8,8,6,8,5,6,1,3,2,6,6,1
41,3,3,9,4,9,2,2,3,6,10,4,7,9,2,3,10,6,3,1,6,8,4,1,3
42,6,10,7,10,6,3,6,7,1,10,4,9,7,9,3,3,8,10,2,5,1,4,10,7
43,3,5,1,7,7,10,3,2,4,10,3,5,6,4,9,10,3,7,7,1,1,3,1,7
44,2,8,10,3,7,4,5,8,1,10,7,10,6,1,5,6,6,8,1,9,1,2,8,8
45,8,10,9,8,4,4,2,5,8,1,9,1,8,4,1,2,1,7,2,10,4,8,2,10
46,3,1,3,3,2,3,7,6,9,2,6,7,2,6,9,9,1,8,9,2,4,3,5,2
47,6,10,9,9,10,10,6,4,10,3,1,7,3,6,9,10,7,8,5,2,10,2,7,5
48,8,2,4,8,5,10,5,4,4,7,8,3,7,1,5,2,6,2,3,5,7,2,4,10
49,7,9,7,4,3,1,5,1,2,8,3,6,10,9,10,5,1,8,8,7,10,5,4,8
50,1,5,3,3,6,5,4,6,7,1,9,6,9,4,7,8,6,6,5,3,9,9,8,9
51,3,3,1,8,5,9,3,10,1,3,9,3,10,8,9,5,4,1,8,9,3,1,10,9
52,4,2,2,7,1,2,7,8,4,1,8,5,5,1,6,5,4,2,10,5,9,6,10,8
53,3,3,4,7,4,9,5,4,9,2,8,5,10,10,5,2,3,6,3,8,6,1,2,8
54,5,10,7,1,3,5,10,6,3,1,8,6,7,5,8,5,7,10,10,7,5,2,8,10
55,9,10,8,4,4,7,9,10,7,3,9,2,4,9,2,1,9,6,1,3,9,4,6,1
56,10,10,9,1,6,6,9,6,8,5,9,10,5,3,6,6,7,7,7,2,3,3,7,6
57,2,6,10,7,1,1,7,5,10,1,4,4,10,9,1,4,4,5,4,3,2,9,5,7
58,7,2,3,10,10,4,5,5,1,3,7,1,3,8,5,7,5,10,5,10,3,2,6,10
59,1,8,9,3,3,5,1,9,9,9,10,5,4,7,4,8,10,6,2,6,6,5,1,8
60,5,5,4,10,7,5,2,3,4,7,7,9,2,1,4,6,2,5,6,6,3,1,5,9
61,6,10,10,8,5,8,1,8,4,3,5,4,4,6,2,4,10,9,5,4,2,8,1,8
62,4,8,9,5,5,4,5,9,6,2,1,9,8,9,6,7,6,5,3,9,7,3,3,9
63,10,8,7,9,10,1,5,1,8,10,5,6,6,8,8,7,9,2,10,3,7,5,5,3
64,4,4,1,5,2,4,1,3,8,8,8,9,5,7,9,2,1,8,9,2,4,5,1,5
65,7,8,6,6,2,8,10,2,8,7,8,8,2,5,5,5,4,2,7,9,1,1,1,5
66,7,4,1,9,3,7,8,9,2,9,8,7,1,2,9,10,4,8,2,10,7,2,9,3
67,8,3,5,2,3,1,5,5,5,7,4,2,1,9,5,2,3,6,9,9,5,5,6,6
68,8,5,1,8,2,10,10,10,6,6,7,2,10,6,5,9,6,10,4,10,1,9,2,1
69,9,2,10,3,8,9,1,6,4,2,10,1,6,6,5,3,3,6,9,8,9,3,5,5
70,3,7,3,3,6,4,8,10,4,1,10,4,7,3,7,1,3,8,10,7,4,2,8,1
71,7,4,3,3,4,7,7,8,3,2,6,4,6,8,5,3,1,5,7,4,5,9,6,3
72,8,4,2,4,1,4,3,7,5,5,3,9,1,2,7,4,6,5,4,6,10,8,2,5
73,7,6,5,8,5,6,8,9,9,7,3,4,4,5,1,4,2,9,10,3,2,2,10,6
74,9,2,4,4,5,10,5,6,3,6,3,9,3,9,2,6,4,3,7,6,3,5,5,7
75,4,6,5,8,2,2,9,8,4,1,9,5,3,5,6,2,6,5,3,6,4,2,6,8
76,6,9,4,8,4,10,2,5,1,1,6,10,5,5,8,6,5,7,1,3,6,2,3,5
77,9,3,4,9,5,2,1,7,1,10,10,4,8,5,10,1,2,3,9,10,3,10,1,6
78,9,9,10,4,10,9,1,2,6,4,2,1,10,9,1,6,5,3,1,5,2,5,4,1
79,1,1,7,3,1,8,7,9,1,10,8,8,5,4,9,7,5,8,7,5,7,9,7,4
80,1,7,8,1,6,2,5,6,8,5,10,5,6,8,2,10,1,1,1,8,1,3,1,7
81,9,7,5,5,4,2,8,9,9,4,4,7,3,1,7,4,4,7,6,8,4,3,2,7
82,4,6,1,3,1,3,8,3,8,4,9,2,10,4,7,4,3,10,3,2,3,10,1,8
83,4,9,1,1,3,5,9,7,10,10,3,10,10,8,2,6,10,2,5,10,2,2,7,9
84,6,9,9,7,1,3,4,4,1,5,8,2,3,2,7,7,7,5,10,4,7,3,2,2
85,4,1,2,10,2,9,8,8,4,6,8,8,2,2,5,4,9,1,10,4,4,8,10,10
86,1,5,3,2,1,10,8,3,4,7,4,5,1,4,6,10,8,3,2,2,6,5,2,7
87,2,7,9,6,8,4,2,5,5,3,4,3,9,3,3,1,10,1,10,4,2,6,4,3
88,2,2,1,10,10,3,2,9,1,6,10,10,4,7,7,5,5,1,10,7,4,8,10,1
89,3,10,9,9,1,3,7,3,1,6,9,1,1,10,3,2,2,8,9,10,10,3,3,4
90,2,10,3,2,2,3,8,9,4,8,6,2,1,9,5,3,8,9,2,10,10,10,10,7
91,10,6,7,9,7,10,1,2,9,7,2,10,10,2,8,3,5,3,3,9,10,5,9,6
92,6,7,7,4,9,4,4,2,4,4,10,9,7,10,1,5,1,1,2,1,7,7,9,8
93,6,6,8,9,7,7,10,1,2,2,5,6,7,10,5,6,6,1,3,10,9,10,9,5
94,7,9,7,7,9,8,8,5,4,6,2,1,10,2,5,7,5,5,6,9,1,2,4,6
95,4,2,1,1,9,9,5,2,7,4,7,2,3,8,5,8,7,5,5,7,6,10,6,10
96,2,9,9,8,2,2,6,4,9,1,6,6,9,5,1,6,1,10,2,9,8,7,3,9
97,7,2,7,3,6,9,9,7,6,4,6,4,1,8,5,4,8,10,3,6,9,6,4,3
98,8,9,10,1,6,3,5,2,1,10,6,1,4,5,10,2,6,9,8,2,9,9,3,1
99,5,5,1,6,4,4,6,1,2,3,1,10,10,6,7,8,6,6,8,1,6,6,9,10
100,2,3,9,9,5,2,10,8,2,7,1,4,9,9,2,3,4,2,5,6,10,5,5,9
101,2,3,3,4,6,10,3,3,8,6,4,1,8,9,1,4,1,7,3,2,5,1,1,3
102,5,5,1,8,4,3,8,10,4,3,9,9,9,1,4,7,2,3,4,10,9,9,3,4
103,6,6,5,4,3,7,6,7,4,4,1,6,7,3,9,10,2,6,5,7,4,6,7,8
104,7,3,3,8,7,2,1,6,9,2,1,1,5,10,7,9,4,5,10,4,1,6,3,4
105,10,7,10,8,1,5,7,3,2,6,8,7,4,9,5,9,9,7,2,7,3,6,10,9
106,4,6,1,3,9,4,9,2,7,6,9,6,10,10,4,1,5,9,9,4,3,7,6,8
107,6,9,1,7,10,4,9,10,1,5,4,3,8,1,2,1,9,5,1,5,10,4,4,7
108,1,3,2,10,2,6,9,9,10,3,6,4,1,9,9,4,1,4,5,4,9,4,6,2
109,8,2,4,8,9,3,8,3,2,7,8,7,2,2,10,7,4,10,4,5,5,4,2,1
110,10,9,8,8,10,9,5,3,6,7,7,3,1,10,9,4,10,8,10,1,7,2,3,8
111,1,1,8,10,3,10,7,9,3,5,6,10,3,9,5,7,8,9,10,9,5,8,7,10
112,5,9,9,1,7,2,7,5,6,6,10,4,3,3,3,4,1,10,2,4,9,3,4,10
113,5,4,4,10,2,3,8,8,8,8,7,4,4,6,1,7,10,4,8,4,5,6,4,5
114,4,4,1,10,1,5,3,3,4,6,7,10,8,1,9,2,4,9,3,3,6,8,10,4
115,6,6,10,5,5,8,4,1,2,2,7,1,1,3,3,2,8,1,10,2,2,6,10,3
116,1,10,4,2,2,5,8,2,1,3,9,2,8,7,6,5,4,2,10,9,3,10,8,1
117,5,5,3,2,7,7,7,6,1,4,6,2,7,8,1,3,1,1,8,10,1,1,6,1
118,2,10,4,5,6,6,5,8,3,4,1,3,5,2,8,10,9,10,3,1,2,10,4,4
119,10,9,8,8,6,2,2,9,10,7,6,7,2,6,7,7,8,7,3,6,6,5,7,7
120,8,10,10,5,7,6,1,1,3,2,5,3,2,10,1,5,7,6,4,6,4,2,10,6
121,2,8,7,2,5,5,5,5,5,8,10,4,7,5,1,8,6,10,4,1,5,10,2,2
122,9,9,7,2,7,1,3,9,9,2,7,6,10,9,8,1,2,3,3,3,1,8,10,1
123,7,2,7,5,3,4,1,1,7,7,6,7,7,7,8,9,1,9,7,1,5,1,10,2
124,3,9,4,9,5,3,4,4,5,2,4,7,7,3,2,9,9,4,5,2,10,2,10,3
125,4,5,2,5,9,9,8,8,4,8,8,5,2,10,5,5,6,10,8,5,8,5,4,4
126,8,1,7,2,6,6,4,6,5,7,9,9,2,5,3,10,8,9,1,5,8,9,2,7
127,4,10,7,2,9,10,6,5,9,6,4,7,7,1,3,3,8,7,7,7,10,8,3,7
128,7,2,4,4,4,1,6,4,2,8,3,8,9,6,4,1,4,7,10,2,2,1,2,3
129,5,2,7,1,2,6,2,8,5,5,10,9,8,1,6,4,6,8,5,6,10,4,10,5
130,1,5,6,4,2,5,6,4,5,3,4,3,8,7,6,9,3,1,1,8,6,7,9,6
131,9,6,8,10,7,4,5,7,4,4,9,9,7,9,2,2,3,10,7,2,3,7,6,7
132,1,5,7,2,1,6,10,1,1,1,4,4,4,8,3,8,3,8,9,3,9,6,5,1
133,8,6,1,6,8,10,10,3,4,2,3,3,8,5,4,8,5,9,10,8,10,1,8,6
134,5,10,7,4,9,9,9,5,8,7,7,8,4,7,10,7,6,3,5,5,5,4,2,2
135,10,6,10,10,4,2,9,9,10,1,6,10,10,4,10,10,9,2,10,3,2,4,7,4
136,7,2,2,7,10,2,4,1,4,9,10,2,8,3,1,4,6,4,8,8,6,9,10,8
137,6,1,9,6,4,2,1,7,1,8,5,5,7,2,5,5,9,4,5,10,6,3,5,5
138,4,10,7,2,5,5,9,9,4,5,9,6,2,2,2,2,6,6,3,4,1,4,7,2
139,5,1,4,10,8,3,4,2,1,2,8,3,2,10,10,1,1,5,10,10,5,10,6,8
140,1,1,6,10,3,9,2,7,1,9,10,9,8,9,6,6,4,8,3,6,8,5,9,7
141,4,10,10,5,9,4,1,2,4,6,6,7,3,2,7,2,7,6,1,5,6,7,4,6
142,7,5,4,10,9,2,9,3,2,9,6,7,8,9,7,2,5,8,6,8,6,2,7,6
143,5,5,7,1,10,9,7,9,5,1,8,2,1,5,2,7,4,7,2,2,6,6,5,3
144,10,2,1,9,4,1,9,3,7,10,8,1,10,5,3,5,6,5,8,8,7,1,10,6
145,5,10,7,4,1,6,8,1,5,2,3,4,6,7,7,8,7,5,1,4,5,1,6,8
146,4,9,2,10,4,5,10,3,8,6,3,4,3,9,8,3,7,1,10,4,9,9,10,10
147,2,1,9,6,2,8,9,9,6,3,1,2,2,10,9,2,1,10,5,6,3,9,1,8
148,2,6,5,5,8,5,5,3,4,9,7,5,4,8,6,2,3,5,6,9,8,4,6,2
149,9,1,3,1,9,6,1,5,8,6,3,4,4,4,1,1,3,1,1,1,4,3,3,8
150,9,6,7,3,2,4,10,8,4,5,4,2,3,6,9,1,10,3,9,7,7,10,3,2
151,4,4,6,7,8,6,8,7,7,1,10,4,1,2,4,3,6,10,1,7,9,2,4,4
152,4,5,4,7,6,3,9,10,5,9,10,6,3,2,3,2,3,5,10,2,10,5,6,8
153,1,6,4,1,7,5,2,9,5,10,6,1,9,1,9,10,9,9,9,10,3,3,8,7
154,7,7,7,9,3,10,6,9,2,2,4,7,3,7,6,9,4,1,6,7,3,8,6,6
155,5,10,7,8,5,10,7,2,9,10,9,3,8,9,5,9,2,9,1,7,4,4,10,10
156,7,1,4,5,3,8,10,6,7,3,9,6,7,10,10,5,10,9,2,5,1,3,3,7
157,9,6,2,5,4,10,10,2,10,10,2,6,1,4,2,5,3,4,7,9,4,9,7,1
158,6,1,2,3,9,9,7,7,1,10,10,3,7,5,7,7,10,6,10,1,8,7,9,9
159,5,8,6,6,6,2,1,4,10,1,4,5,1,3,5,2,5,2,8,6,9,6,7,1
160,10,3,10,10,1,4,4,6,2,9,2,9,10,6,8,1,10,8,2,8,6,10,5,5
161,6,4,3,10,5,8,10,5,6,5,5,8,7,3,10,5,9,3,4,10,6,9,2,6
162,1,9,3,7,5,9,1,6,7,5,2,6,6,1,1,10,8,6,10,7,4,6,7,9
163,7,5,3,1,10,8,3,8,8,1,2,8,4,9,7,3,7,5,10,2,3,6,7,6
164,2,10,10,8,7,8,7,3,10,7,8,1,5,9,7,4,8,6,5,10,6,7,7,8
165,2,4,6,10,9,2,1,4,8,7,6,8,9,1,7,10,6,4,8,10,7,4,10,3
166,1,8,6,4,6,6,3,7,10,1,2,7,2,1,3,4,1,1,8,9,2,6,8,10
167,4,7,3,7,10,5,8,10,4,2,1,9,10,6,1,7,1,7,10,5,9,3,2,3
168,7,3,4,1,1,9,6,4,6,8,3,9,6,9,7,8,7,1,3,2,4,4,7,1
169,3,4,6,4,1,1,10,3,10,6,1,1,5,6,5,6,4,6,8,7,5,10,9,3
170,7,7,9,7,3,9,10,2,4,6,9,8,2,5,4,3,7,5,6,6,9,2,5,10
171,8,3,5,5,9,8,3,5,5,2,5,3,9,2,4,5,8,2,2,10,7,7,9,7
172,6,4,5,5,5,1,2,9,10,10,2,7,10,2,10,6,2,9,3,7,8,3,10,6
173,10,10,7,1,10,9,8,7,5,10,2,7,5,8,7,5,5,2,7,6,5,7,10,5
174,5,4,5,9,7,1,6,6,7,7,6,3,8,6,2,1,4,7,8,4,9,10,5,10
175,4,9,2,1,8,8,1,2,5,1,4,5,8,5,6,3,7,6,7,5,8,10,9,10
176,4,10,7,10,6,5,3,4,4,6,2,10,6,4,10,4,6,4,8,4,10,5,2,5
177,6,3,3,5,7,6,7,2,2,2,7,7,1,1,4,10,3,7,2,5,10,6,10,10
178,1,8,1,8,6,1,10,5,2,4,8,7,9,6,9,8,4,1,9,2,6,3,6,6
179,3,8,2,3,4,5,4,9,9,7,10,9,3,1,8,3,3,9,2,1,3,8,6,3
180,9,2,7,4,3,1,3,10,9,5,1,5,3,4,7,7,3,7,5,6,10,2,4,3
181,10,7,4,1,7,8,3,9,5,5,3,10,10,7,10,10,8,1,10,7,7,7,5,1
182,8,4,9,10,4,4,9,8,1,2,7,6,5,8,5,9,3,9,8,6,1,7,4,7
183,6,8,4,10,4,8,6,10,3,2,6,5,4,4,5,5,6,4,10,6,8,7,8,6
184,10,7,1,4,8,4,4,7,1,10,8,8,4,4,3,3,3,10,8,6,8,10,5,3
185,6,1,6,7,7,8,5,10,6,4,2,5,10,9,6,7,5,2,10,5,10,4,2,4
186,9,8,7,2,9,2,5,9,1,7,7,3,1,9,6,7,10,1,7,8,2,7,10,5
187,4,8,8,8,4,10,9,6,2,5,3,6,10,6,2,3,9,6,6,6,1,3,4,4
188,7,5,1,9,8,7,2,3,8,7,8,5,3,8,4,2,3,3,10,6,5,3,6,9
189,4,4,5,2,7,9,9,5,5,10,4,1,4,10,4,2,5,6,10,10,7,6,1,4
190,1,9,1,1,1,2,4,6,10,1,4,5,1,4,4,7,2,5,9,10,10,2,8,10
191,3,8,1,4,4,6,4,5,4,1,4,4,1,10,10,3,7,8,3,1,10,7,4,3
192,9,8,5,6,4,3,6,2,8,3,9,6,5,2,2,4,2,2,5,10,7,6,1,10
193,6,3,9,8,2,5,1,10,5,7,9,9,1,10,5,7,6,7,3,8,1,3,7,5
194,10,1,3,9,10,4,7,8,5,8,9,6,6,1,3,9,6,8,3,6,2,6,7,10
195,3,3,8,4,6,3,10,7,2,2,6,5,9,1,2,5,6,6,5,10,1,7,7,9
196,9,4,4,6,2,7,10,1,4,1,4,6,4,8,8,3,6,2,1,5,7,5,1,6
197,7,5,2,4,6,3,9,9,3,8,1,2,3,7,10,3,9,2,9,4,1,3,3,9
198,5,5,10,10,3,3,5,5,9,3,3,3,8,7,8,1,9,5,6,4,5,6,1,1
199,3,5,4,1,8,9,2,2,2,7,6,2,3,10,10,10,8,3,2,9,8,7,8,1
200,7,4,9,8,10,3,6,7,3,1,9,10,2,6,7,6,7,4,10,10,10,10,7,9
201,10,1,6,9,8,3,3,3,3,4,9,10,1,9,10,1,2,4,4,6,8,4,8,5
202,4,7,9,1,10,5,10,5,4,2,9,2,4,4,3,3,5,6,8,10,7,2,8,2
203,10,1,2,4,10,4,1,4,3,6,5,7,7,4,1,5,4,10,7,7,1,4,7,6
204,8,9,2,1,7,4,1,6,6,5,1,6,6,7,5,1,8,5,1,3,1,6,8,7
205,9,7,2,7,1,2,2,2,3,4,2,5,4,8,4,3,4,1,3,10,3,5,4,4
206,5,5,2,2,5,5,9,10,3,5,5,3,7,1,2,1,4,10,2,2,1,4,6,6
207,1,2,8,4,2,6,3,2,6,10,7,1,1,9,10,7,3,5,8,1,6,6,6,5
208,5,5,2,10,8,9,6,9,9,6,1,4,8,4,4,2,7,2,6,1,8,8,3,5
209,6,2,3,6,10,4,10,5,9,4,7,7,6,3,10,2,7,6,9,8,1,8,10,8
210,7,9,4,2,5,6,8,6,4,10,6,8,7,1,9,9,9,5,10,5,7,10,4,4
211,1,10,6,9,4,8,1,2,1,7,5,9,8,7,9,4,3,4,8,1,5,8,8,5
212,5,6,10,5,9,8,8,8,9,2,1,8,2,2,4,6,5,9,9,2,9,8,1,6
213,10,3,9,3,10,6,2,5,9,6,9,5,3,10,7,2,1,3,9,4,5,8,8,1
214,6,7,2,4,1,7,10,7,9,8,5,7,1,6,4,7,10,8,1,8,7,4,10,7
215,3,6,1,1,5,3,5,2,8,6,6,9,8,6,1,6,5,7,3,5,9,8,9,10
216,10,6,7,9,1,9,5,3,6,7,1,7,10,6,9,10,5,1,9,8,3,9,3,4
217,5,10,4,5,6,2,1,2,10,2,10,10,4,2,4,1,3,9,7,7,9,8,1,10
218,1,8,3,3,10,2,9,1,1,4,7,2,7,8,6,5,9,3,2,8,6,9,3,4
219,8,2,6,6,4,7,4,6,6,8,8,6,6,6,4,9,2,6,9,8,10,2,9,1
220,5,2,5,5,8,10,1,10,5,2,9,8,9,1,1,10,1,9,6,2,9,4,4,5
221,8,3,8,8,8,3,10,4,9,7,5,6,3,9,1,2,8,9,1,6,1,6,7,8
222,8,10,4,5,3,3,8,1,1,6,3,1,3,9,6,8,3,5,7,9,1,8,6,6
223,3,9,2,7,2,8,5,3,10,2,3,6,6,4,10,8,3,3,6,6,4,8,7,7
224,2,6,6,3,4,5,3,5,6,2,3,4,3,7,3,6,10,5,5,2,6,1,8,2
225,7,1,9,2,4,3,10,3,3,3,4,9,7,8,2,4,4,4,5,3,6,7,8,3
226,8,1,4,3,7,5,8,3,6,2,9,1,1,1,6,8,7,2,6,6,4,8,8,2
227,9,10,4,6,10,10,9,6,1,6,8,7,9,9,7,3,7,8,9,8,2,7,3,2
228,2,2,9,5,9,1,3,5,4,4,7,9,9,6,4,10,1,9,10,4,9,4,9,8
229,6,2,8,9,9,10,7,7,10,9,9,3,9,1,8,2,1,5,1,6,4,10,1,7
230,10,8,8,6,9,3,8,8,6,2,6,10,7,2,9,10,3,1,7,4,5,6,2,7
231,2,5,9,5,6,2,2,9,5,7,5,2,10,8,5,6,7,1,10,9,3,10,5,2
232,4,6,7,1,7,3,9,2,9,6,2,10,2,1,2,10,2,8,7,3,6,5,1,7
233,8,10,8,3,1,5,2,10,1,4,8,8,8,9,2,8,10,6,7,5,7,4,3,10
234,4,2,2,4,1,3,1,4,4,1,2,4,8,5,4,5,5,4,4,4,9,6,3,4
235,10,6,10,7,8,2,7,10,9,10,10,2,7,8,9,4,1,5,7,9,10,10,8,9
236,8,1,7,1,7,5,4,1,7,5,6,10,5,2,10,9,7,2,6,7,1,6,3,1
237,4,10,8,1,3,3,2,5,1,7,2,1,8,2,9,9,6,2,2,4,1,3,1,8
238,9,1,4,9,7,4,8,8,9,9,5,9,6,4,2,3,9,2,3,6,4,9,1,10
239,1,3,10,3,4,3,10,9,9,6,3,4,10,3,2,8,5,9,10,1,5,8,1,9
240,9,2,8,6,10,2,3,8,1,9,6,3,7,1,9,1,10,5,1,2,8,1,4,3
241,1,5,8,1,6,6,2,3,3,6,2,5,10,4,9,10,1,1,1,1,2,9,1,7
242,3,7,8,5,3,2,6,7,6,1,1,7,3,5,3,2,6,9,6,5,4,5,6,6
243,9,7,10,5,4,10,9,7,5,2,3,2,10,10,1,10,8,10,2,8,2,5,2,6
244,8,7,9,7,8,1,1,9,7,1,3,6,8,8,6,5,8,3,8,4,8,4,10,1
245,8,2,4,2,6,7,4,7,4,1,4,5,6,1,4,4,4,9,10,1,9,9,8,10
246,5,4,2,6,4,6,1,3,9,7,7,10,3,6,7,7,8,5,6,7,8,6,5,10
247,7,2,2,6,5,5,2,8,4,5,9,3,1,1,3,9,2,6,10,1,5,10,9,6
248,5,6,3,5,1,2,8,1,6,5,7,3,8,9,3,10,7,7,4,2,8,5,3,7
249,1,7,5,10,7,5,2,4,5,8,8,6,5,5,7,9,9,1,7,8,6,5,8,8
250,6,4,7,4,5,3,6,6,8,9,7,1,10,6,6,5,7,10,4,2,10,2,2,4
251,4,3,5,4,9,6,6,1,1,10,3,1,4,4,3,1,2,10,9,8,2,3,10,8
252,9,6,10,1,8,10,7,3,6,4,6,7,1,2,10,10,8,1,4,9,3,9,3,1
253,3,8,1,10,5,9,6,10,6,1,7,6,3,10,8,5,6,5,9,5,5,3,6,8
254,7,4,5,6,5,1,9,2,3,1,9,1,3,5,6,6,5,3,6,1,6,7,5,1
255,3,7,5,1,9,10,1,10,8,5,7,10,6,1,2,4,4,9,1,1,3,9,10,8
256,4,6,5,3,3,9,9,2,8,6,2,3,5,10,2,4,10,9,5,4,6,4,5,9
257,8,9,4,1,2,8,6,7,7,8,4,3,1,9,9,3,4,7,5,10,10,7,10,3
258,2,2,2,7,9,3,7,5,6,10,7,9,3,10,10,6,1,5,4,3,6,8,4,1
259,4,9,4,7,5,2,4,6,1,10,1,4,3,8,9,3,5,3,1,8,1,9,5,9
260,4,10,6,10,5,8,8,6,1,2,4,3,10,8,3,4,4,7,4,2,5,6,5,5
261,2,9,5,4,3,10,5,5,4,7,10,10,9,1,10,3,3,5,6,6,10,2,10,3
262,10,5,8,1,10,8,7,2,7,5,9,9,1,2,1,2,8,4,7,8,1,4,2,9
263,7,10,1,4,7,5,4,8,9,9,6,1,3,9,9,8,5,5,7,5,5,6,8,1
264,8,3,10,8,2,9,4,1,5,9,9,7,3,6,7,5,9,2,10,8,4,6,4,2
265,5,6,10,10,9,10,6,10,1,5,10,6,5,8,7,1,2,5,4,10,2,2,9,5
266,10,6,6,10,9,2,3,8,7,4,3,6,4,1,7,1,5,6,9,10,2,6,3,2
267,1,2,6,8,5,3,10,10,1,2,4,4,3,6,10,9,6,1,6,10,8,6,2,6
268,1,3,5,6,9,4,8,7,5,10,10,3,6,6,5,9,1,9,9,2,4,10,1,1
269,5,4,3,8,10,5,10,3,9,2,6,10,6,8,1,5,8,7,3,1,5,7,3,7
270,1,7,3,1,3,8,4,8,4,1,5,9,2,7,5,7,7,1,7,9,9,5,6,10
271,8,6,4,8,1,9,5,9,5,1,3,10,4,4,4,5,7,3,8,8,6,4,6,2
272,9,1,3,3,1,1,3,6,9,6,3,5,3,4,3,1,3,10,7,7,4,4,6,9
273,8,6,2,4,9,1,6,10,5,4,4,8,7,7,1,6,8,5,5,10,9,9,2,9
274,9,2,8,10,5,4,7,8,5,9,1,2,8,4,3,8,5,8,6,7,3,6,4,8
275,2,2,10,2,6,1,4,1,4,1,6,4,8,1,2,1,9,8,8,6,1,7,4,9
276,1,7,8,3,7,4,6,3,4,2,1,4,8,8,7,8,8,1,2,3,10,3,8,1
277,7,8,9,6,9,7,4,5,5,6,7,8,6,3,8,7,7,1,9,3,3,4,6,3
278,10,7,10,3,8,5,2,4,9,9,3,9,10,2,9,10,7,8,9,9,10,4,8,4
279,5,5,10,6,5,3,5,1,1,4,4,6,8,10,6,2,10,2,9,9,2,5,5,3
280,8,1,7,10,8,8,5,1,6,4,5,1,8,6,4,2,7,6,3,2,4,5,5,8
281,8,2,6,7,2,5,6,5,3,10,5,5,2,7,8,7,7,7,10,2,1,9,7,4
282,10,5,1,9,10,10,5,9,1,9,4,8,8,9,5,2,2,10,6,9,8,2,2,10
283,9,3,7,10,10,4,9,9,5,10,3,7,7,9,6,7,10,4,1,1,10,5,8,7
284,6,3,8,4,6,9,7,5,1,7,8,4,10,5,5,3,5,8,1,8,7,4,8,8
285,2,10,8,10,3,6,9,6,3,3,5,7,8,2,7,1,3,7,2,10,2,5,3,4
286,4,2,10,3,2,2,8,9,4,2,10,10,4,6,7,4,10,4,7,8,5,3,3,10
287,10,10,9,9,5,9,5,5,7,9,2,6,5,4,4,4,3,9,7,6,6,6,6,3
288,2,3,4,10,7,10,4,7,7,10,4,7,3,3,4,5,6,10,9,2,10,6,4,4
289,4,6,8,7,1,3,2,1,8,4,9,5,1,2,4,10,5,9,10,5,8,10,1,10
290,4,5,9,2,9,9,1,6,4,1,6,9,3,9,6,1,2,2,5,7,1,10,4,5
291,6,9,2,6,3,1,6,6,8,1,2,7,3,4,6,6,2,2,5,7,8,6,4,2
292,3,4,8,3,5,3,4,4,4,10,7,9,3,3,10,10,7,3,4,8,1,3,4,8
293,4,8,10,1,2,5,3,8,1,5,8,9,1,6,3,7,7,3,5,5,8,5,2,6
294,2,8,4,2,6,6,3,3,2,10,6,6,3,5,10,6,6,3,9,6,1,3,9,7
295,10,9,1,8,3,1,8,9,5,10,4,2,6,1,7,7,5,2,8,2,1,6,3,8
296,7,7,6,2,6,6,5,4,7,10,6,4,9,8,8,3,5,1,1,1,2,9,3,9
297,2,8,3,9,7,5,6,8,4,5,3,7,1,1,4,3,9,3,7,2,10,1,3,4
298,3,6,6,6,7,8,2,8,5,3,2,4,7,3,3,1,10,10,5,6,10,7,6,5
299,5,10,6,5,2,10,1,7,4,4,5,3,9,9,1,3,5,1,5,4,10,3,2,4
300,1,7,2,3,1,5,3,3,6,1,2,10,7,6,6,7,10,8,7,10,4,7,10,1
301,7,7,9,3,8,6,7,8,7,2,10,3,2,2,6,10,3,5,5,4,10,8,6,5
302,2,2,3,9,5,9,3,4,8,6,9,4,1,9,6,2,10,8,4,10,4,2,7,6
303,6,4,2,9,7,3,2,5,7,9,8,3,1,10,3,10,4,3,1,4,9,3,4,8
304,4,10,6,3,3,9,2,7,10,2,1,7,4,7,10,7,10,8,8,5,3,4,1,5
305,2,3,1,4,1,7,4,1,8,6,6,10,7,8,3,10,4,7,1,1,1,3,8,9
306,3,4,9,2,9,10,9,6,7,4,3,5,8,4,10,1,6,8,10,2,3,10,1,1
307,1,9,1,9,5,10,1,4,10,2,4,1,9,2,9,7,9,3,3,3,5,9,3,6
308,1,7,2,5,2,7,10,1,5,5,3,1,7,8,6,7,9,10,4,9,1,1,10,5
309,2,6,2,9,3,7,4,1,9,2,9,10,4,5,9,5,3,1,5,9,4,2,1,10
310,7,6,10,8,6,8,4,9,8,10,9,6,6,9,7,8,10,2,5,10,1,4,1,5
311,3,5,6,5,9,9,6,1,5,9,1,10,7,4,2,10,5,9,5,4,3,1,6,5
312,3,5,6,10,2,1,1,3,3,1,6,2,7,10,7,10,5,9,7,8,4,4,3,7
313,9,3,6,3,10,8,5,2,10,10,4,9,5,8,4,7,7,7,1,9,5,1,7,7
314,3,3,6,9,5,9,4,6,6,7,8,1,10,6,5,9,3,3,2,3,1,9,5,2
315,4,6,5,7,10,2,4,9,2,3,8,2,7,8,2,6,3,7,8,6,7,7,9,5
316,1,10,7,5,2,6,3,8,8,5,4,8,3,2,1,9,7,2,6,9,10,4,3,4
317,4,1,8,6,1,9,2,4,7,1,3,1,4,2,4,4,4,8,10,6,10,1,9,8
318,4,6,6,5,6,9,6,9,6,6,6,3,8,6,1,6,7,8,10,4,4,6,10,8
319,1,10,5,10,4,1,5,1,9,9,1,6,1,9,2,3,3,2,4,1,1,3,9,6
320,8,4,7,7,1,9,2,6,8,10,3,3,10,8,9,9,9,3,9,3,2,1,3,6
321,10,10,10,2,1,3,7,4,5,4,1,10,6,3,3,5,7,8,2,4,7,7,10,1
322,2,5,2,8,1,2,7,7,7,8,1,6,2,4,8,10,6,9,8,3,1,3,2,8
323,7,10,4,1,4,5,6,10,1,7,3,7,7,7,4,3,3,2,10,10,6,9,7,9
324,7,4,3,9,3,4,9,9,3,7,3,8,5,10,9,3,5,2,9,3,1,5,7,3
325,1,4,7,7,8,7,6,1,1,4,6,4,5,1,8,7,6,7,5,4,7,1,3,5
326,1,7,2,8,1,1,3,7,9,5,5,9,4,8,10,4,1,8,5,4,2,1,1,1
327,10,9,2,5,5,10,7,9,2,8,2,7,9,2,7,2,10,2,4,8,1,3,2,1
328,5,9,2,6,5,5,2,6,6,1,9,2,2,5,6,4,3,2,2,1,8,1,2,10
329,4,2,2,2,9,8,1,5,10,5,10,6,4,4,1,6,8,9,3,1,6,3,6,10
330,5,5,7,7,8,8,7,8,8,2,6,2,3,8,9,3,1,7,5,1,10,9,9,2
331,1,10,7,1,1,5,4,10,10,8,1,5,5,9,8,4,9,7,10,5,7,5,2,8
332,8,1,3,7,10,10,6,6,1,4,9,3,4,2,7,3,8,6,3,2,3,3,4,1
333,3,6,9,6,4,4,7,7,5,7,8,3,4,6,6,7,8,7,5,3,9,6,10,10
334,8,2,1,1,1,2,7,9,4,4,6,1,4,5,3,8,7,8,4,1,9,10,4,4
335,9,10,7,1,3,10,10,1,4,1,9,1,6,9,2,9,10,4,5,1,9,9,7,5
336,6,10,6,3,3,6,1,2,9,1,3,2,7,3,6,5,4,1,10,9,1,10,4,2
337,3,3,5,4,6,7,7,7,4,9,8,5,1,8,5,10,8,5,5,5,10,7,5,3
338,8,6,2,4,2,2,3,2,7,5,4,9,10,2,6,2,6,4,8,4,3,5,1,5
339,1,2,7,7,3,1,3,2,5,4,3,10,8,8,5,7,4,2,6,7,7,2,7,2
340,4,7,8,6,4,10,3,8,10,8,6,6,6,2,4,3,1,9,3,8,9,3,3,2
341,1,2,10,4,5,8,3,6,3,4,2,10,6,7,4,7,6,6,1,9,4,2,6,10
342,7,4,10,2,10,6,9,2,10,2,1,9,7,7,7,8,5,6,5,9,4,10,5,1
343,7,7,2,6,1,9,4,3,10,7,2,5,5,6,7,3,7,7,3,3,8,3,3,2
344,9,9,1,2,2,5,2,5,5,3,1,1,3,5,2,1,1,10,10,8,2,7,6,8
345,10,7,4,3,2,3,6,6,2,6,10,8,2,2,1,1,4,7,1,4,2,2,7,2
346,7,7,1,6,6,6,3,6,6,4,3,2,7,1,3,9,3,5,3,7,5,9,10,10
347,1,10,3,3,2,5,1,1,5,5,8,2,10,3,1,5,4,7,2,9,1,6,10,7
348,9,9,9,7,7,5,7,6,10,8,9,10,7,5,2,8,7,5,7,10,9,8,7,10
349,9,4,6,1,1,6,4,8,5,8,5,4,3,2,9,6,9,2,6,10,8,6,8,7
350,7,2,8,10,8,5,2,10,6,2,6,6,10,6,4,2,7,10,5,8,4,5,2,2
351,8,9,1,10,2,3,10,3,8,2,7,6,1,1,1,1,9,6,10,10,2,10,2,8
352,8,2,9,10,10,1,5,3,1,7,6,2,10,3,8,3,4,5,4,9,4,5,5,4
353,5,4,5,8,10,3,10,5,3,8,9,6,9,6,3,3,1,3,9,2,7,1,3,3
354,4,4,2,7,8,10,3,4,5,5,5,4,6,4,7,4,5,9,1,1,3,6,10,1
355,7,2,1,10,10,2,5,2,8,8,1,1,4,5,1,2,1,5,7,2,3,6,1,8
356,6,10,1,2,9,2,1,7,9,10,6,5,9,3,6,7,9,7,8,7,3,6,2,9
357,4,6,1,1,10,6,8,10,5,3,6,6,7,8,4,6,9,4,7,2,7,2,10,3
358,2,10,2,1,2,4,9,6,10,10,3,6,10,2,9,6,9,4,2,5,2,1,10,7
359,10,8,5,3,1,3,4,9,8,7,10,4,7,4,1,6,2,3,3,10,6,6,5,8
360,10,1,6,7,10,7,3,8,1,4,5,2,1,8,6,4,1,7,3,9,3,9,2,3
361,9,2,10,8,9,5,4,8,1,3,8,4,8,5,9,8,8,8,5,6,4,3,7,4
362,9,10,5,7,2,3,10,6,7,1,6,3,2,3,1,7,6,1,6,7,7,5,1,7
363,10,2,4,7,8,6,6,4,1,5,6,4,1,9,10,4,1,4,2,10,8,10,7,2
364,1,4,5,10,9,5,1,4,3,5,4,6,10,9,5,7,9,4,3,9,6,7,6,2
365,9,5,8,4,4,8,7,1,4,10,4,10,2,8,6,9,4,1,2,4,1,4,5,3
